{"cameraMode":{"drawMode":0,"name":"Shaded","section":"Shading Mode"},"sceneLighting":true,"audioPlay":false,"sceneViewState":{"showFog":true,"showMaterialUpdate":false,"showSkybox":true,"showFlares":true,"showImageEffects":true,"showParticleSystems":true,"showVisualEffectGraphs":true,"m_FxEnabled":true},"in2DMode":false,"pivot":{"x":-2.4507782459259035,"y":-2.277904987335205,"z":1.7241482734680176},"rotation":{"x":0.03904753923416138,"y":0.005037014372646809,"z":0.0004143052501603961,"w":0.9992263317108154},"size":2.1509807109832765,"orthographic":false}